{
  "train_loss": [
    0.25449273868242334,
    0.005548269715909754,
    0.007136360164787751,
    0.0011666211968094828,
    0.0013146692065751735,
    0.005754506143453507,
    0.004821645548311989,
    0.0031112812452888266,
    3.45360248460662e-05
  ],
  "val_loss": [
    0.0005990974232858628,
    3.95645617635827e-05,
    2.6331884557351688e-05,
    0.0009242152542403081,
    0.00013076317617343226,
    6.016141135891198e-06,
    0.00014489946318512958,
    1.3373120175003484e-05,
    1.4815980150963005e-06
  ],
  "train_acc": [
    0.9106492718446602,
    0.9987864077669902,
    0.9980279126213593,
    0.9996966019417476,
    0.9998483009708737,
    0.9983313106796117,
    0.9992415048543689,
    0.9986347087378641,
    1.0
  ],
  "val_acc": [
    1.0,
    1.0,
    1.0,
    1.0,
    1.0,
    1.0,
    1.0,
    1.0,
    1.0
  ],
  "train_f1": [
    0.9105174628844062,
    0.9987864076552786,
    0.998027683819875,
    0.9996965234719666,
    0.9998482833707596,
    0.9983312581071613,
    0.9992415019044723,
    0.9986346204764813,
    1.0
  ],
  "val_f1": [
    1.0,
    1.0,
    1.0,
    1.0,
    1.0,
    1.0,
    1.0,
    1.0,
    1.0
  ],
  "lr": [
    8.421176252184823e-05,
    0.00022842290221917338,
    0.00029999997607250186,
    0.00029897589805267865,
    0.0002959371846914162,
    0.0002909249293740618,
    0.00028400691425533935,
    0.0002752766936219862,
    0.0002648523287315155
  ]
}