{
  "version": 1,
  "hist_bins": 256,
  "ref_hist_mean": [
    0.3787878155708313,
    0.011079851537942886,
    0.008201688528060913,
    0.006087379530072212,
    0.0044476063922047615,
    0.003905715886503458,
    0.0038664117455482483,
    0.0038791147526353598,
    0.0040693157352507114,
    0.004190610256046057,
    0.003918571397662163,
    0.003576825372874737,
    0.003419596469029784,
    0.003392067039385438,
    0.0035784277133643627,
    0.003704986535012722,
    0.0037433241959661245,
    0.0036931736394762993,
    0.003664855845272541,
    0.0036328507121652365,
    0.0036161423195153475,
    0.0035942713730037212,
    0.003541475860401988,
    0.0035142009146511555,
    0.0035753122065216303,
    0.0037185668479651213,
    0.003890584222972393,
    0.004074465483427048,
    0.004197972826659679,
    0.004279162269085646,
    0.004333877470344305,
    0.004321785178035498,
    0.004251937847584486,
    0.00413817074149847,
    0.004035542719066143,
    0.003995221573859453,
    0.00403200788423419,
    0.004144999198615551,
    0.004314918536692858,
    0.004452298395335674,
    0.004591420292854309,
    0.004680849611759186,
    0.004711011424660683,
    0.00474205007776618,
    0.0047444915398955345,
    0.004739303607493639,
    0.004733823239803314,
    0.004734204616397619,
    0.004753544926643372,
    0.004809188656508923,
    0.004840685520321131,
    0.004846089519560337,
    0.004853184800595045,
    0.004842542111873627,
    0.004809176083654165,
    0.0047905221581459045,
    0.004763755947351456,
    0.004775619599968195,
    0.004813804756850004,
    0.0048722331412136555,
    0.004945742432028055,
    0.005021311342716217,
    0.005069986917078495,
    0.005061276722699404,
    0.0050128428265452385,
    0.004911333788186312,
    0.004780464340001345,
    0.004653790965676308,
    0.004559071734547615,
    0.004464136902242899,
    0.004417114425450563,
    0.004426752682775259,
    0.0044736098498106,
    0.004540417809039354,
    0.004568939097225666,
    0.004579989239573479,
    0.004553400445729494,
    0.004508883226662874,
    0.004465853329747915,
    0.0043875123374164104,
    0.0043165716342628,
    0.00423088064417243,
    0.0041512297466397285,
    0.004063886124640703,
    0.003989512100815773,
    0.003945274278521538,
    0.00391362514346838,
    0.0038877613842487335,
    0.0038739140145480633,
    0.0038862356450408697,
    0.003866399172693491,
    0.0038543192204087973,
    0.0038340885657817125,
    0.0038070296868681908,
    0.003791414899751544,
    0.003745905589312315,
    0.0036911519709974527,
    0.0036548105999827385,
    0.0035938771907240152,
    0.0035420735366642475,
    0.0034650294110178947,
    0.0033774184994399548,
    0.0033146666828542948,
    0.0032634735107421875,
    0.0032184983137995005,
    0.0031793720554560423,
    0.0031667074654251337,
    0.003156064311042428,
    0.003149096155539155,
    0.003150418633595109,
    0.0031517790630459785,
    0.0031259283423423767,
    0.00309778843075037,
    0.0030657832976430655,
    0.0030056380201131105,
    0.002953771036118269,
    0.0028905614744871855,
    0.002825775183737278,
    0.002757250564172864,
    0.0026894123293459415,
    0.0026137034874409437,
    0.0025444538332521915,
    0.0024917221162468195,
    0.0024343363475054502,
    0.0023888396099209785,
    0.002359339501708746,
    0.002316843718290329,
    0.0022802099119871855,
    0.0022651799954473972,
    0.002233161823824048,
    0.0022036489099264145,
    0.002188466489315033,
    0.0021599452011287212,
    0.002127164276316762,
    0.0020847702398896217,
    0.0020549900364130735,
    0.0020105871371924877,
    0.0019657262600958347,
    0.0019033941207453609,
    0.0018621953204274178,
    0.0018184916116297245,
    0.0017623647581785917,
    0.0017181015573441982,
    0.0016873549902811646,
    0.0016545105027034879,
    0.001614405307918787,
    0.0015687179984524846,
    0.00153914128895849,
    0.0014816919574514031,
    0.0014485422288998961,
    0.001419728621840477,
    0.0013914998853579164,
    0.0013604100095108151,
    0.0013318761484697461,
    0.0013254546793177724,
    0.0013162103714421391,
    0.0012931314995512366,
    0.0012858835980296135,
    0.0012615839950740337,
    0.0012603123905137181,
    0.0012397130485624075,
    0.001228993758559227,
    0.0012054697144776583,
    0.0011871465248987079,
    0.001162274624221027,
    0.001140988664701581,
    0.0011131414212286472,
    0.0010924021480605006,
    0.0010618336964398623,
    0.001033388776704669,
    0.0010073725134134293,
    0.0009827041067183018,
    0.0009612910216674209,
    0.0009363809949718416,
    0.0009106699726544321,
    0.0008871205500327051,
    0.0008562977891415358,
    0.0008463541744276881,
    0.0008135223179124296,
    0.000794118270277977,
    0.0007693227380514145,
    0.0007543818210251629,
    0.0007293319795280695,
    0.0007266998291015625,
    0.0007123311515897512,
    0.0006977462908253074,
    0.0006937917205505073,
    0.0006837844848632812,
    0.0006777826929464936,
    0.0006708653527311981,
    0.0006585820228792727,
    0.0006475067348219454,
    0.0006377919344231486,
    0.0006291834288276732,
    0.0006079482845962048,
    0.0006017049308866262,
    0.0005858103395439684,
    0.0005743281217291951,
    0.0005654779961332679,
    0.0005515416269190609,
    0.0005399195360951126,
    0.000531438214238733,
    0.0005150350043550134,
    0.000505116768181324,
    0.000490519218146801,
    0.0004810714744962752,
    0.000464795419247821,
    0.00045486449380405247,
    0.000445721932919696,
    0.00043164571980014443,
    0.0004145050188526511,
    0.00041099547524936497,
    0.00039568584179505706,
    0.0003852081426884979,
    0.0003753280616365373,
    0.00036234536673873663,
    0.0003530629619490355,
    0.00034545897506177425,
    0.00033397675724700093,
    0.0003210449358448386,
    0.0003142293426208198,
    0.00029969532624818385,
    0.000292549142614007,
    0.0002771631989162415,
    0.00027369181043468416,
    0.0002624003100208938,
    0.00025723775615915656,
    0.00024820963153615594,
    0.00024037678667809814,
    0.0002352015144424513,
    0.00022745768364984542,
    0.00022473653370980173,
    0.00022219339734874666,
    0.0002197647118009627,
    0.00021444956655614078,
    0.00021217345783952624,
    0.0002086003660224378,
    0.00020645141194108874,
    0.0002072016359306872,
    0.0002009709714911878,
    0.00020343781216070056,
    0.0002216593420598656,
    0.00019447326485533267,
    0.00019480386981740594,
    0.00019227345183026046,
    0.0001899210619740188,
    0.00023607889306731522,
    0.0001899210619740188,
    0.00019925435481127352,
    0.000222040805965662,
    0.00021839141845703125,
    0.00031083423527888954,
    0.0002952067006845027,
    0.00037934622378088534,
    0.001037076348438859,
    0.0012900924775749445
  ],
  "ref_hist_threshold": 0.2471810132265091,
  "ref_feat_mean": [
    0.0897437259554863,
    0.01713910698890686,
    0.46301722526550293,
    0.09970835596323013,
    0.007261228747665882,
    0.011869770474731922,
    0.6856905221939087
  ],